601,cyanophytes
1447,chrysophycophytes
1882,"algues vert-jaunes"
2286,diatomées
5413,"algues vertes"
5414,"algues vertes"
9601,euglènes
9873,dinoflagellés
10685,"algues brunes"
11452,"algues rouges"
13762,myxomycètes
14189,hépatiques
14189,mousses
17066,"sélaginelle apode"
17142,"isoète de Tuckerman"
17148,prêle
17149,"prêle panachée"
17150,"prêle fluviatile"
17151,"prêle faux-scirpe"
17152,"prêle des champs"
17153,"prêle des marais"
17154,"prêle d'hiver"
17157,"prêle littorale"
17159,"prêle des prés"
17161,"prêle des bois"
17171,"botryche découpé"
17173,"botryche de Virginie"
17178,"botryche élancé"
17181,"botryche lunaire"
17184,"botryche à feuille de matricaire"
17186,"botryche de Mingan"
17187,"botryche à feuille couchée"
17188,"botryche d'Oneida"
17188,"botryche du lac Onéida"
17190,"botryche simple"
17224,"fougère des aigles"
17272,"thélyptère simulatrice"
17332,"aspidote touffue"
17355,"doradille ébène"
17417,"diplazie à sores denses"
17530,"dryoptère de Clinton"
17535,"dryoptère fougère-mâle"
17581,"gymnocarpe de Robert"
17641,"pelléade à stipe pourpre"
17646,"pelléade glabre"
17686,"polystic faux-lonchitis"
17689,"polystic des rochers"
17738,"woodsie alpine"
17744,"woodsie à lobes arrondis"
17745,"woodsie de l'Oregon"
17747,"woodsie des rochers"
17751,"woodwardie de Virginie"
18043,cèdre
18045,faux-cypres
18048,"genévrier rouge"
18221,"lézardelle penchée"
18410,"boutons d'or"
18558,renoncules
18563,"renoncule à éventails"
18587,"renoncule d'Allen"
18623,"renoncule à long bec"
18648,"renoncule soufrée"
18850,"podophylle pelté"
19040,"micocoulier occidental"
19059,"orme liège"
19102,"bois d'arc"
19276,chêne
19290,"chêne blanc"
19300,"chêne bicolore"
19506,"noisetier d'Amérique"
19523,"phytolaque d'Amérique"
19542,nyctaginacées
19685,cactus
19686,"figues de Barbarie"
19899,mollugine
19942,cariophyllacées
20000,"minuartie de la serpentine"
20001,"minuartie de Michaux"
20040,silènes
20172,"stellaire fausse-alsine"
20375,pourpiers
20382,"claytonie de Virginie"
20504,chénopodes
20714,amaranthes
20842,renouées
20851,"renouée de Carey"
21054,ériogones
21444,"millepertuis de Kalm"
21608,mauves
22014,"droséra à feuilles linéaires"
22023,violettes
22030,violettes
22158,"violette à long éperon"
22159,"violette à feuilles rondes"
22162,"violette sagittée"
22258,"hélianthème du Canada"
22274,"hudsonie tomenteuse"
22337,citrouilles
22337,gourdes
22443,saules
22476,saule
22476,saules
22653,"polanisie à douze étamines sous-espèce à douze étamines"
22669,moutardes
22678,"arabette du Canada"
22769,"cardamine bulbeuse"
22844,draves
22863,"drave dorée"
23463,éricacées
23750,"corème de Conrad"
23929,primevères
23990,"lysimaque hybride"
24097,orpins
24187,saxifragacées
24539,aubépines
24546,"aubépine de Brainerd"
24552,"aubépine ergot-de-coq"
24666,Potentilles
24758,"potentille de Vahl"
24848,framboises
24848,ronces
25099,"aigremoine pubescente"
25392,astragales
25412,"astragale d'Amérique"
25916,lupins
26204,trèfles
26331,"vesce d'Amérique"
26416,"pois rouge"
27031,"podostémon à feuilles cornées"
27037,"myriophylle menu"
27039,"myriophylle en epi"
27049,"proserpinie des marais"
27172,myrtacées
27279,onagres
27287,"épilobe arctique"
28011,"ti citron montaigne"
28031,euphorbes
28445,nerpruns
28454,"céanothe d'Amérique"
28476,"céanothe à feuilles étroites"
28646,"staphylier à trois folioles"
28778,"sumac à vernis"
28782,"sumac glabre"
28812,"faux poivrier"
28848,rutacées
29167,"floerkée fausse-proserpinie"
29399,"ginseng à cinq folioles"
29446,"angélique du Saint-Laurent"
29962,gentianes
30025,"bartonie de Virginie"
30124,apocyns
30217,"bois lait"
30226,"bois lait"
30239,asclépiades
30266,"asclépiade très grande"
30411,solanacées
30648,"gloires du matin"
30896,phlox
31356,hydrophyllacées
31433,phacélies
31633,bourraches
31921,"hackélie de Virginie"
32064,verbénacées
32123,"verveine simple"
32251,menthes
32255,"lycope de Virginie"
32283,"monarde écarlate"
32526,"fausse menthe"
33005,scrofulaires
33049,castilléjie
33078,"castilléjie de Raup"
33316,"mimule glabre"
33665,penstémons
34274,"conopholis d'Amérique"
34342,"tulipier du Gabon"
34350,acanthacées
34352,"carmantine d'Amérique"
34461,"utriculaire pourpre"
34471,campanules
34532,"lobélie à épi"
34784,rubiacées
34796,gaillet
35045,"houstonie à longues feuilles"
35248,chèvrefeuilles
35254,"viorne litigieuse"
35370,"valériane de Sitka sous-espèce des tourbières"
35420,tournesols
35430,"achillée de Sibérie"
35558,"aster à rameaux étalés"
35604,"aster à feuilles de linaire"
35720,"bident d'Eaton"
35722,"bident différent"
35803,vergerettes
35843,"vergerette à feuilles segmentées"
35897,"vergerette à feuilles fines"
36046,"liane americaine"
36119,"séneçon fausse-cymbalaire"
36164,"séneçon à feuilles obovales"
36223,"verges d'or"
36293,"verge-d'or faux-ptarmica"
36545,bardane
36546,bardane
36565,"arnica à aigrettes brunes"
36636,"hélianthe à feuilles étalées"
37724,"épervière de Robinson"
38895,"alisma subcorde"
38907,"sagittaire à feuilles de graminées"
38907,"Sagittaire a feuilles de graminees"
38908,"sagittaire latifoliée"
38917,"sagittaire cunéaire"
38917,"Sagittaria cuneaire"
38925,"Sagittaire spongieuse"
38928,"sagittaire dressée"
38928,"Sagittaire dressee"
38987,troscart
38988,"troscart maritime"
38998,"naïade de la Guadeloupe"
39035,"potamot de l'Illinois"
39054,"potamot de Vasey"
39111,"xyris des montagnes"
39196,"ériocaulon de Parker"
39219,joncs
39220,jonc
39273,"jonc de Greene"
39357,"foins coupants"
39357,laîches
39357,rouches
39357,rouchettes
39369,laîches
39369,rouches
39411,"carex à tiges faibles"
39412,"carex faux-lupulina"
39423,"carex de Mühlenberg"
39437,"carex de Swan"
39449,"carex épi-de-blé"
39497,"carex des Appalaches"
39515,"carex de Back"
39522,"carex de Bicknell"
39640,"carex de Hitchcock"
39728,"carex à fruits clairsemés"
39784,"carex de Richardson"
39793,"carex de Sartwell"
40068,"éléocharide de Robbins"
40248,"scirpe de Clinton"
40265,"scirpe de Smith"
40277,"scirpe de Torrey"
40351,graminées
40503,"brome de Kalm"
40514,"brome pubescent"
40564,"calamagrostide pourpre variété pourpre"
40669,"échinochloé de Walter"
40706,"élyme des rivages"
40714,"élyme velu"
40793,"fétuque de Baffin"
41127,"pâturin de Fernald"
41134,"pâturin de Hartz"
41860,"mélique de Smith"
41938,"muhlenbergie de Richardson"
42529,"arisème dragon"
42542,"laitue d'eau"
42623,"jacinthe d'eau"
42634,oignon
42635,"ail du Canada"
42672,"ail des bois"
43049,"tofieldie écarlate"
43356,"smilax herbacé"
43414,"platanthère à gorge tuberculée variété petite-herbe"
43419,"platanthère à gorge frangée"
43456,"spiranthe de Case"
43467,"spiranthe lustrée"
43489,"aplectrelle d'hiver"
43491,"aréthuse bulbeuse"
43538,"cypripède royal"
43540,"cypripède tête-de-bélier"
43591,"galéaris remarquable"
43594,"goodyérie pubescente"
43630,"listère australe"
43668,"pipérie d'Unalaska"
43850,amibes
44030,foraminifères
46861,éponges
48738,cnidaires
48738,coelentérés
48739,hydraires
48739,hydrozoaires
48740,méduses
50889,hydrocoralliaires
51483,méduses
51938,"anémones de mer"
51938,coraux
52079,"évantails de mer"
52079,gorgones
52485,actinies
52485,anémones
52839,madrépores
53963,plathelminthes
53963,platodes
53964,planaires
54556,douves
57411,némertes
57411,némertiens
57597,gastrotriches
58239,rotifères
64357,annélides
64358,polychètes
68422,lombris
68422,oligochètes
68422,"vers de terre"
69290,sangsues
69458,mollusques
69459,escargots
69459,gastéropodes
69459,limaces
78156,nudibranches
78810,chitons
78810,oscabrions
79118,bivalves
79118,palourdes
82115,scaphopodes
82326,calmars
82326,encornets
82326,pieuvres
82326,poulpes
82696,arthropodes
82708,araignées
82721,pseudoscorpions
82732,araignées
82754,acariens
82754,aoûtats
82754,tiques
83677,crustacés
83687,branchiopodes
83832,cladocères
83832,"puces d'eau"
84195,ostracodes
85257,copépodes
89433,bernacles
90745,cumacés
92120,cloportes
92120,isopodes
93250,"cloporte vulgaire"
93294,amphipodes
95599,crabes
95599,crevettes
95599,écrevisses
95599,homards
95601,"crevettes pénaéïdes"
95602,"crevettes pénaéïdes"
95625,"crevette tigrée brune"
95638,"crevette géante tigrée"
95644,"crevette tigrée verte"
95659,"crevette os"
95668,"crevette chamois caraíbe"
95678,"crevette chamois tora"
95683,"crevette chamois des rizières"
95687,"crevette chamois barbulée"
95696,"crevette de récifs"
95699,"crevette chamois kishi"
95704,"crevette chamois ménstrel"
95706,"crevette bossue"
95712,"crevette chamois trappue"
95713,"crevette chamois mogi"
95717,"crevette chamois nordique"
95719,"crevette chamois méridionale"
95724,"crevette chamois philippe"
95726,"crevette chamois rosée"
95727,"crevette violoneux"
95730,"crevette chamois tolo"
95733,"crevette de chalut"
95733,"crevette des grands fonds"
95733,"crevette rose du large"
95733,"petite crevette"
95742,"crevette rose australienne"
95743,"crevette neptune"
95744,"crevette rose chercheuse"
95745,"crevette rose lancier"
95746,"crevette flamand"
95747,"crevette domino"
95750,"crevette seabob (de l'Atlantique)"
95752,"crevette seabob (du Pacifique)"
95755,"crevette aiguille"
95759,"crevette megalops"
95768,"crevette nageuse"
95771,"crevette orange"
95772,"crevette périscope"
95781,"crevette stylet d'Argentine"
95784,"crevette jinga"
95791,"crevette étincelle"
95792,"crevette queue verte"
95793,"crevette jaune"
95799,"crevette bois"
95800,"crevette dali"
95801,"crevette diable"
95803,"crevette kadal"
95808,"crevette york"
95809,"crevette élégante"
95812,"crevette devo"
95814,"crevette glissante"
95824,"crevette émeraude"
95825,"crevette ceinture"
95829,"crevette siba"
95834,"crevette gingembre"
95835,"crevette papou"
95836,"crevette faucon"
95840,"crevette cigogne"
95842,"crevette oiseau"
95846,"crevette de maclay"
95850,"crevette mouchetée"
95853,"crevette mobeyi"
95858,"crevette arafurica"
95859,"crevette guinéenne"
95861,"crevette corail"
95864,"crevette coromandel"
95865,"crevette javelot"
95868,"crevette chien"
95869,"crevette torpille"
95871,"crevette naine"
95872,"crevette parole"
95873,"crevette arc-en-ciel"
95875,"crevette kidi"
95878,"crevette glabre"
95883,"crevette uncta"
95884,"crevette adonis"
95886,"crevette titi"
95958,"salicoque trident"
95966,"salicoque royale rouge"
95971,"salicoque rouge d'Argentine"
95991,"solenocère d'Afrique"
95993,"salicoque colibri"
95994,"salicoque balafrée"
95995,"salicoque des vases côtières"
96001,"salicoque fleur"
96002,"salicoque guyanaise"
96003,"salicoque chinoise de vase"
96005,"salicoque des vases (de l'Atlantique)"
96010,"salicoque peigne"
96013,"salicoque des vases profundes"
96015,"salicoque couteau (du Chili)"
96020,"salicoque canif"
96024,"salicoque navaja"
96028,"boucot ovetgernade"
96030,"boucot nain"
96031,"boucot roitelet"
96035,"boucot ocellé"
96038,"boucot du Pacifique"
96041,"boucot cacahouette"
96042,"boucot méditerranéen"
96044,"boucot balafré"
96046,"sicyonie huppée"
96047,"boucot chevalier"
96056,"crevette rouge"
96056,"gambaru de fundu"
96056,"gambon rouge"
96056,"grande crevette rouge"
96058,"gambon indien"
96061,"gambon d'Arabie"
96062,"crevette rouge"
96064,"gambon lisse"
96066,"gambon rayé"
96067,"gambon gaillard"
96074,"gambon écarlat"
98417,"araignées de mer"
98702,"Crabe nageur soldat"
98748,"crabes de boue"
98748,xanthidés
98812,dormir
99090,tou-la-lou
99208,insectes
99209,aptérigotes
99222,"lépisme argenté"
99224,thermobie
99237,collemboles
99237,"puces des neiges"
99940,"collembole des neiges"
100403,"collembole des jardins"
100500,"insects ailés"
100502,éphémères
101594,libellules
101605,"aeshne à taches jaunes"
101797,libellulidés
102042,demoiselles
102055,"demoiselle bistrée"
102160,criquet-locustes
102160,locustes
102160,sauterelles
102201,"criquet megalocéphale"
102205,"criquet pellucide"
102209,"criquet de la Caroline"
102212,"criquet birayé"
102215,"criquet à pattes rouges"
102216,"criquet de Packard"
102218,"criquet voyageur"
102219,"criquet des montagnes rocheuses"
102264,"sauterelle mormone"
102271,"sauterelle des ravines"
102275,"sauterelle fourchue"
102280,"grillon des serres"
102364,"grillon de Fulton"
102365,"grillon à cornes noires"
102366,"grillon à quatre points"
102388,"bâtonnet ordinaire"
102404,"blatte orientale"
102406,"blatte américaine"
102415,"blatte germanique"
102417,"blatte à bandes brunes"
102467,plécoptères
103364,corises
103709,léthocère
104177,tingidés
104219,"punaise reticulée du chêne"
104232,"punaise reticulée du platane"
104239,"punaise reticulée des peupliers"
104244,"punaise reticulée de l'aulne"
104249,"punaise reticulée du noyer"
104259,"punaise reticulée du bouleau"
104269,"punaise reticulée de l'orme"
104298,"punaise reticulée du tilleul"
104419,"hétéroptères mirides"
104419,punaises
104755,"capside de la luzerne"
104756,"capside du bouleau"
104757,"capside des prés"
104793,"capside du fraisier"
104925,"lygide du pommier"
104947,"punaise du caryer"
104949,"punaise de la pomme"
104949,"punaise du poirier"
104968,"punaise du chêne"
104991,"punaise de la luzerne"
104992,"punaise occidentale"
104994,"punaise terne"
105316,"punaise quadrilignée"
106380,"punaise de la molène"
106687,"punaise sombre"
107058,"punaise des lits"
107064,"punaise de la chauve-souris"
107068,"punaise de l'hirondelle"
107202,réduves
107674,"punaises des céréales"
107688,"punaise des céréales"
107689,"punaise velue"
107693,"punaise de l'ouest"
107785,"punaise des chatons du bouleau"
107857,"punaise de l'asclépiade"
108380,"punaise de la courge"
108529,"punaise de l'érable négondo"
108628,pentatomes
108628,pentatomidés
108672,"punaise bimaculée"
108742,"punaise bossue des bois"
108765,"punaise du cormier"
108789,"punaise de Say"
108865,"punaise variée"
109166,aleurodes
109166,cochenilles
109166,membracides
109173,fulgores
109216,coléoptères
109234,carabes
109395,"calosome chaud"
110234,"carabe pygmée"
111077,"carabe du maïs"
111963,ditiques
112811,"nécrophores aquatiques"
113265,staphylins
113849,cadelle
113859,"nécrobie à pattes rousses"
113860,"nécrobie à col rouge"
113881,"taupin grand-ocelle"
113883,"taupin rayé"
113884,"taupin du blé"
113891,"taupin des graminées"
113892,"taupin des prairies"
113894,"taupin du Nevada"
113901,"taupin bosselé"
113903,"taupin du Pacifique"
113904,"taupin de l'ouest"
114290,nitidules
114296,"nitidule des fruits"
114305,"cucujide des grains"
114309,"cucujide roux"
114310,"cucujide plat"
114312,"cucujide des grains oléagineux"
114313,"cucujide dentelé des grains"
114329,coccinelles
114331,"coccinelle convergente"
114335,"coccinelle à treize points"
114341,"coccinelle à deux points"
114345,"coccinelle stigma"
114347,"coccinelle à sept points"
114350,"coccinelle à bande transverse"
114393,"méloé rayé"
114394,"méloé noir"
114459,anobies
114459,vrilettes
114463,"anobie ponctué"
114465,"lasioderme du tabac"
114469,"stégobie des pharmacies"
114471,"anobie roux"
114471,"horloge de la mort"
114475,"ptine bigarré"
114497,capricornes
114497,cérambycidés
114497,longicornes
114506,"bruche du haricot"
114508,"bruche du pois"
114509,chrysomèles
114543,"galéruque du nénuphar"
114562,"galéruque de l'airelle"
114587,"chrysomèle du navet"
114601,"chrysomèle des peupliers"
114621,"chrysomèle rayée du saule"
114644,"altise de l'épinard"
114645,"altise trimaculée"
114665,"charançon du chêne"
114666,charançons
114756,"charançon de la carotte"
114844,"charançon de la rhubarbe"
114872,"charançon des semis"
114899,"scolyte de l'orme"
114901,"scolyte de l'aulne"
114904,"scolyte des cônes du pin blanc"
114907,"scolyte des cônes du pin"
114909,"scolyte des cônes du pin rouge"
114913,"dendroctone occidental du pin"
114914,"dendroctone méridional du pin"
114917,"dendroctone du pin tordu"
114918,"dendroctone du pin ponderosa"
114919,"dendroctone du Douglas"
114920,"dendroctone de l'Allegheny"
114921,"dendroctone de l'épinette"
114922,"dendroctone du mélèze"
114924,"dendroctone rouge de l'épinette"
114926,"scolyte brun du bouleau"
114927,"scolyte du sapin de l'ouest"
114929,"perceur des racines du trèfle"
114938,calligraphe
114939,"scolyte à grand corselet"
114941,"scolyte du pin"
114943,"scolyte du thuya de l'ouest"
114945,"scolyte du pêcher"
114948,"scolyte européen de l'orme"
114950,"scolyte du caryer"
114951,"scolyte des arbres fruitiers"
114952,"scolyte sculpteur du Douglas"
114955,"scolyte birayé"
114978,"dermeste du lard"
114979,"dermeste noir"
114980,"dermeste des peaux"
114984,"attagène des tapis"
114986,"anthrène des tapis"
114988,"anthrène bigarré des tapis"
115034,"corydale cornue"
115095,phryganes
115095,porte-bois
117232,papillons
117232,"papillons de nuit"
117235,papillons
117263,"porte-queue gris"
117273,monarque
117282,"hespérie à taches argentées"
117299,"chenille des marais salants"
117304,"chenille à tente estivale"
117307,"halysidote du caryer"
117308,"halysidote maculée"
117310,"isia isabelle"
117312,"diacrisie de Virginie"
117314,tyria
117316,"arctiide décoré"
117318,noctuelles
117318,noctuidés
117318,phalènes
117318,"vers gris"
117343,"acronycte d'Amérique"
117344,"acronycte du tremble"
117345,"acronycte souillée"
117347,"légionnaire noire"
117351,"ver-gris argile"
117352,"ver-gris noir"
117354,"ver-gris orthogonal"
117359,"alypie à huit points"
117363,"autographe du céleri"
117367,"ver-gris à tête jaune"
117368,"ver-gris vitreux"
117374,"autographe de la luzerne"
117378,"arpenteuse du trèfle"
117384,"ver-gris du trèfle"
117386,"légionnaire grise"
117387,"ver-gris moissonneur"
117388,"ver-gris à dos rouge"
117389,"ver-gris blanc"
117390,"ver-gris rayé"
117392,"légionnaire des épis de blé"
117398,"noctuelle de la tomate"
117398,"ver de l'épi du maïs"
117400,"noctuelle du lin"
117402,"perce-tige de la pomme de terre"
117409,"noctuelle des fruits verts"
117413,"perceur de l'iris"
117415,"légionnaire bertha"
117417,"chenille zebrée"
117421,"ver-gris bronzé"
117446,"perce-tige de la bardane"
117447,"perce-tige tacheté"
117454,"ver-gris panaché"
117460,"légionnaire uniponctuée"
117467,"ver-gris glouton"
117471,"légionnaire de la betterave"
117472,"légionnaire d'automne"
117475,"légionnaire à bandes jaunes"
117479,"fausse-arpenteuse du chou"
117481,"chenille rayée des jardins"
117489,"merveille verte"
117494,"noctuelle trois-taches"
117513,"chenille du noyer"
117515,"chenille à col jaune"
117517,"hétérocampe de l'érable"
117522,"chenille à bosse rouge"
117523,"chenille licorne"
117525,"chenille à bosse orangée"
117540,"ver à soie"
117543,"livrée d'Amérique"
117544,"livrée des forêts"
117550,"papillon à épaulettes"
117556,arpenteuses
117556,"chenilles arpenteuses"
117556,"chenilles géométrales"
117556,géomètres
117558,"arpenteuse d'automne"
117562,"arpenteuse cornue"
117564,"arpenteuse caténaire"
117566,"arpenteuse de l'orme"
117568,"arpenteuse du tilleul"
117570,"arpenteuse de la vigne"
117574,"arpenteuse du groseillier"
117577,"arpenteuse de la pruche"
117578,"arpenteuse de la pruche de l'ouest"
117579,"arpenteuse occidentale du chêne"
117582,nématocampe
117584,"arpenteuse (fausse) de la pruche"
117585,"arpenteuse verte de la pruche"
117588,"arpenteuse de Bruce"
117589,"arpenteuse tardive"
117591,"arpenteuse du printemps"
117606,sorcière
117619,"limacode épineuse"
117641,pyrales
117641,pyralidés
117735,"pyrale de la persicaire"
117738,"pyrale du maïs"
117862,"tordeuse des bourgeons de l'épinette"
117864,"tordeuse du pin gris"
117867,"enrouleuse (grande) de l'érable négondo"
117874,"tortrix purpurin"
117875,"tordeuse européenne"
117882,"enrouleuse du chêne"
117883,"tisseuse du chêne"
117887,"tordeuse du cerisier"
117894,"tordeuse verte de l'épinette"
117910,"charpentier des bois francs"
117911,"charpentier des bois tendres"
117913,zeuzère
118727,"porte-case du mélèze"
118728,"porte-case du pacanier"
118729,"porte-case virgule du pommier"
118730,"porte-case du cerisier"
118731,"porte-case fusele du pommier"
118731,"porte-case du bouleau"
118816,"mineuse des bourgeons de l'érable"
118822,"coupe-feuille de l'érable"
118840,tipules
119401,"tipule des prairies"
121636,fongicoles
122916,"moucheron de la pomme de terre"
122975,cécidomyidés
123762,"cécidomyie ocelligène"
123841,"cécidomyie affiné du sapin"
123868,"cécidomyie goutteuse de l'érable"
123913,"cécidomyie du févier"
123921,"cécidomyie des graines du trèfle"
123930,"cécidomyie du pommier"
123954,"cécidomyie gallicole du frêne"
123958,"cécidomyie gallicole de l'épinette"
123979,"cécidomyie du rosier"
124019,"cécidomyie de l'épinette"
124071,"cécidomyie galligène des cônes de l'épinette"
124082,"mouche de Hesse"
124140,"cécidomyie galli-bec du saule"
124148,"galle-patate du saule"
124151,"cécidomyie à pomme de chou"
124181,"cécidomyie strobilaire"
124222,"cécidomyie du chrysanthème"
124598,"cécidomyie du pin gris"
124601,"cécidomyie résineuse du pin gris"
124623,"cécidomyie européenne du pin"
124628,"cécidomyie du frêne"
124656,"cécidomyie de la vigne"
124659,"cécidomyie des bourgeons du négondo"
124661,"cécidomyie de l'érable négondo"
124667,"cécidomyie des cônes du Douglas"
124674,"cécidomyie des poires"
124699,"cécidomyie gallicole du tilleul"
124701,"cécidomyie du cerisier de Virginie"
124704,"cécidomyie squamiphage du Douglas"
124762,"cécidomyie gallicole du robinier"
124771,"cécidomyie du sapin"
124830,"cécidomyie chiffonnante du peuplier"
124888,"cécidomyie du pin rouge"
125061,"cécidomyie du blé"
125930,maringouins
125930,moustiques
126095,"moustique de la sarracénie"
126240,stégomyie
126488,"maringouin domestique"
126640,"mouches noires"
126640,simulies
126779,"simulie arctique"
126892,"simulie à pattes blanches"
126903,"simulie rayée"
127076,brûlots
127076,cératopogonidés
127076,"moucherons piqueurs"
127917,moucherons
130052,"mouches muscoïdes"
130150,stratiome
130934,"mouches à cheval"
130934,"mouches à chevreuil"
130934,taons
131742,"taon rayé du cheval"
134153,bombiles
139621,syrphes
139621,syrphides
140969,"asticot à queue-de-rat"
140969,eristale
141234,"syrphe des bulbes"
141236,"mouche des bulbes"
141242,"mouche des narcisses"
142158,"mouche de la carotte"
142486,"mouche de la betterave à sucre"
142604,téphrites
142608,"mouche du groseillier"
142688,"mouche des brous du noyer"
142692,"trypète noire des cerises"
142699,"mouche de l'airelle"
142702,ver-chemin-de-fer
142712,"trypète des cerises"
142716,"mouche du tournesol"
142739,"mouche du piment"
143271,"asticot du fromage"
143384,mineuses
143395,"agromyze de l'orme"
143404,"mineuse virgule de la luzerne"
144015,"mineuse maraichère"
144112,"agromyze pâle du peuplier"
144119,"agromyze de l'amélanchier"
144121,"agromyze du cambium"
144148,"agromyze de l'érable rouge"
144281,"mineuse du houx"
146185,drosophiles
146185,moucherons
146185,"mouches du vinaigre"
147644,"chloropid flies"
147949,oscine
148166,"mouche des tiges du blé"
148772,"mineuse de l'épinard"
148804,"mouche du framboisier"
149467,"mouche granivore du mélèze"
149469,"mouche granivore de l'épinette"
149733,"mouche de l'oignon"
149798,"mouche du navet"
149893,"mouche des semis"
149916,"mouche du chou"
150025,"mouches communes"
150025,"mouches des cornes"
150025,"mouches d'étables"
150025,"mouches faciales"
150025,"mouches tsé-tsé"
150045,"muscine des étables"
150250,"mouche faciale"
150251,"mouche domestique"
150277,"mouche des cornes"
150287,"mouche piquante des étables"
151350,"mouche (petite) domestique"
151462,"mouche des latrines"
151647,"pollenie du lombric"
151663,"mouche à viande du sud"
151681,"mouche noire de la viande"
151709,"mouche à viande de Terre-Neuve"
151773,"cutérèbre sombre"
151778,"oestre du nez"
151782,"oestre intestinal"
151785,"oestre de la gorge"
151802,"hypoderme du boeuf"
151804,"hypoderme rayé"
151808,"hypoderme du caribou"
151814,"oestre du mouton"
151815,"mouches à viande"
151932,"mouche (grosse) à viande"
152464,"mouche myiasigène de l'est"
152659,"barbin du mouton"
152746,"perce-pousse du sapin"
152749,"pamphile du prunier"
152753,"pamphile introduit du pin"
152768,"tenthrède de l'orme"
152770,"tenthrède du chèvrefeuille"
152773,"diprion importé du pin"
152775,"diprion européen de l'épinette"
152777,"diprion du sapin"
152778,"diprion du pin tordu"
152781,"diprion de Leconte"
152784,"diprion du pin blanc"
152787,"diprion du pin gris"
152788,"diprion à tête rouge du pin gris"
152789,"diprion du pin sylvestre"
152790,"diprion de Swaine"
152794,"diprion de la pruche"
152797,"tenthrède du rosier"
152802,"tenthrède-limace des rosacées"
152807,"tenthrède à tête noire du bouleau"
152809,"tenthrède-limace du rosier"
152813,"tenthrède mineuse de l'aulne"
152815,"tenthrède mineuse de l'orme"
152817,"tenthrède rayée de l'aulne"
152820,"hoplocampe des pommes"
152822,"tenthrède du framboisier"
152824,"némate du groseillier"
152829,"plieuse des feuilles du peuplier"
152831,"tenthrède à tête jaune de l'épinette"
152832,"tenthrède à tête verte de l'épinette"
152837,"tenthrède du mélèze"
152838,"tenthrède du sorbier"
152842,"tenthrède du frêne"
152849,tremex
152851,"sirex bleu"
152857,"cèphe du blé"
152860,"cèphe du saule"
152861,"cèphe du groseillier"
152864,abeilles
152864,fourmis
152864,"guêpes véritables"
152865,"hyménoptères parasites"
152867,braconides
153360,ichneumons
153970,"chalcis du pommier"
154010,"chalcis granivore de la luzerne"
154011,"chalcis des graines du trèfle"
154018,"chalcis de l'orge"
154019,"chalcis du blé"
154066,ceraphronides
154174,fourmis
154174,"guêpes parasites"
154193,fourmis
154195,"fourmi charpentière rouge"
154198,"fourmi noire gâte-bois"
154213,"fourmi soyeuse"
154220,"fourmi (petite) noire"
154221,"fourmi pharaon"
154240,"fourmi ravisseuse"
154244,"fourmi odorante"
154259,"guêpe jaune"
154260,"guêpe à taches blanches"
154276,"guêpe de l'est"
154277,"guêpe de l'ouest"
154350,"abeille des terres alcalines"
154369,"découpeuse de la luzerne"
154396,"abeille domestique"
154409,millipèdes
154520,"shore worms"
154520,sipunculiens
154972,bonellies
154972,échiuriens
155166,tardigrades
155456,phoronidiens
155470,bryozoaires
155470,ectoproctes
155471,"bryozoaires marins"
155471,"bryozoaires tubulés"
156755,brachiopodes
156857,échinodermes
156858,astéridés
156862,"étoiles de mer"
156862,stelléridés
157325,ophiures
157821,"châtaignes de mer"
157821,clypéastres
157821,oursins
158140,"cocombres de mer"
158650,chétognates
158650,"vers sagittaires"
158852,cordés
158853,ascidies
158854,ascidies
158854,"tuniqués sessiles"
159696,lamproies
159697,lamproies
159699,"lamproie du Pacifique"
159705,"petite lamproie de ruisseau"
159707,"lamproie de ruisseau occidentale"
159708,"lamproie de l'est"
159712,"lamproie de ruisseau du Pacifique"
159719,"lamproie fluviatile européene"
159720,"lamproie de Planer"
159722,"lamproie marine"
159724,"lamproie de l'Ohio"
159725,"lamproie brune"
159726,"lamproie du nord"
159726,"lamproie de ruisseau septentrionale"
159727,"lamproie de ruisseau méridionale"
159728,"lamproie de ruisseau d'Allegheny"
159730,"lamproie argentée"
159732,"lamproie caspienne"
159734,"lamproie carpathique"
159737,"lamproie de ruisseau ukrainienne"
159738,"lamproie coréene"
159741,"lamproie mexicaine"
159742,"lamproie de ruisseau mexicaine"
159744,"lamproie saccifère"
159747,"lamproie australienne"
159748,"lamproie de ruisseau australienne"
159749,"lamproie du Chili"
159753,myxines
159772,"myxine du nord"
159785,"poissons cartilagineux"
159785,raies
159785,requins
159789,"requins cornus"
159791,"requin dormeur cornu"
159795,"requin dormeur nekozame"
159805,"requin dormeur chabot"
159811,requins-lézards
159814,grisets
159854,requins-baleines
159854,"requins baleine"
159857,"requin baleine"
159870,"requin-tapis savetier"
159872,"requin-tapis cordonnier"
159875,requins-taureaux
159901,requins-taupes
159903,"requin blanc"
159907,pèlerin
159911,maraîche
159916,"renard marin"
159926,"petit taupe"
159928,requins-renards
159931,"requin-chabot grivelé"
159942,"requin-chabot á taches blanches"
159947,"requin-chabot camot"
159949,"requin-chabot élégant"
159956,"requin-carpette á moustache"
159975,requins-nourrices
159979,"requin nourrice fauve"
159981,"requins à grande gueule"
159985,roussettes
160178,"mangeurs d'hommes"
160424,"requin bleu"
160497,requins-marteaux
160529,émissoles
160604,"chiens de mer"
160611,laimargue
160617,"aiguillat commun"
160703,"aiguillat noir"
160783,"anges de mer"
160806,poissons-scie
160806,raies
160807,poissons-scies
160813,"guitares de mer"
160829,torpilles
160845,raies
160856,"raie hérisson"
160857,"grande raie"
160858,"raie tâchetée"
160873,"raie à queue de velours"
160876,"raie épineuse"
160877,"raie à queue épineuse"
160892,"raie ronde"
160946,pastenagues
160976,"aigles de mer"
160990,mantes
161002,"pastenagues à queue charnue"
161003,mourines
161013,chimères
161030,"poissons osseux"
161061,"poisson épineux"
161061,"poissons à nageoires rayonnées"
161064,esturgeons
161071,"esturgeon jaune"
161085,spatules
161092,lépisostés
161094,"lépisosté osseux"
161095,"lépisosté tacheté"
161102,poissons-castors
161104,poisson-castor
161109,guinées
161114,tarpons
161119,"bananes de mer"
161123,anguilles
161125,"anguilles d'eau douce"
161127,"anguille d'Amérique"
161130,"anguille à nageoire courte"
161133,"anguille d'Australie"
161134,"anguille du Japon"
161135,"grande anguille marbrée"
161136,anguilles-spaghettis
161160,murènes
161279,"anguilles de vase"
161288,congres-brochets
161296,"morénesoce dague"
161301,"anguilles à bec de canard"
161324,congres
161328,"congre oiro"
161419,"serpents de mer"
161578,"anguilles égorgées"
161612,poissons-avocettes
161678,"poissons-tapirs à épines"
161694,anchois
161694,harengs
161700,aloses
161700,harengs
161700,sardines
161700,sprats
161702,"alose savoureuse"
161703,"alose d'été"
161706,gaspareau
161722,"hareng atlantique"
161732,"alose tyran"
161737,"alose à gésier"
161774,"alose gracile"
161785,"hareng rond"
161796,"alose chaconde"
161807,"chardin gros nez"
161811,"alose à museau court"
161822,"sardine arc-en-ciel"
161825,"hareng à bande bleue"
161835,"anchois japonais"
161870,"anchois indien"
161877,"anchois-moustache sardin"
161883,"chirocentre dorab"
161884,"chirocentre sabre"
161903,laquaiches
161905,"laquaiche aux yeux d'or"
161906,"laquaiche argentée"
161908,"poissons-couteaux à nageoire plumeuse"
161929,saumons
161931,"truites et saumons"
161941,"grand corégone"
161975,"saumon rose"
161977,"saumon coho"
161979,"saumon rouge"
161980,"saumon chinook"
161983,"truite fardée"
161989,"truite arc-en-ciel"
161996,"saumon atlantique"
161997,"truite brune"
162001,"omble chevalier"
162002,touladi
162003,"omble de fontaine"
162003,"omble aurora"
162008,"ménomini rond"
162016,"ombre arctique"
162024,huchon
162028,éperlans
162035,capelan
162041,"éperlan arc-en-ciel"
162057,argentines
162064,"grande argentine"
162080,garcettes
162099,revenants
162137,brochets
162139,"grand brochet"
162140,"brochet d'Amérique"
162140,"brochet d'Amérique (vermiculé)"
162141,"brochet d'Amérique"
162142,"brochet vermiculé"
162143,"brochet maillé"
162144,maskinongé
162146,umbres
162153,"umbre de vase"
162170,"cyclothone à petites dents"
162212,"haches d'argent"
162281,"chauliode très lumineux"
162282,"dragons à écailles"
162374,poissons-lézards
162384,"anoli à deux taches"
162387,"anoli bigarré"
162388,"anoli kaianus"
162389,"anoli à Capricorn"
162390,"anoli d'Doak"
162395,"anoli indien"
162398,"anoli croix"
162402,"anoli poignard"
162404,"anoli tectus"
162408,"chile brasileño"
162413,"anoli grêle"
162414,"anoli tumbil"
162416,"anoli nuageux"
162417,"anoli à grandes écailles"
162420,"anoli serpent"
162425,scopelidé
162427,yeux-verts
162463,lussions
162471,"lussion blanc"
162523,cavalos
162532,pharaons
162548,yeux-perlés
162575,poissons-lanternes
162578,"lampe cornée"
162649,"grande lampe-bouée"
162661,"lampe-voilière du nord"
162680,"lanterne glaciaire"
162723,"lanterne ponctuée"
162836,chanos
162846,cyprins
162846,meuniers
162848,characins
162848,charicidés
162848,tétras
163308,poissons-couteaux
163342,"carpes et ménés"
163342,carpes
163342,ménés
163344,carpe
163348,tanche
163350,carassin
163356,bec-de-lièvre
163359,"méné d'argent"
163360,"méné d'argent"
163363,"méné laiton"
163368,"méné jaune"
163375,ouitouche
163376,"mulet à cornes"
163382,"naseux noir de l'est"
163382,"naseux noir"
163384,"naseux des rapides"
163402,"méné d'herbe"
163404,"queue à tache noire"
163404,"queue à tâche noire"
163409,"tête rose"
163412,"méné émeraude"
163419,"méné paille"
163421,"méné pâle"
163445,"menton noir"
163446,"museau noir"
163516,ventre-pourri
163517,tête-de-boule
163535,"méné de lac"
163592,"ventre rouge du nord"
163594,"ventre citron"
163803,"méné bleu"
163836,"méné à nageoires rouges"
163873,"mulet perlé"
163892,catostomes
163894,"meunier rouge"
163895,"meunier noir"
163917,couette
163928,"chevalier rouge"
163933,"chevalier blanc"
163936,"chevalier de rivière"
163941,"chevalier cuivré"
163947,"chevalier jaune"
163976,loches
163992,silures
163995,"barbottes et barbues"
163995,barbottes
163995,barbues
163998,"barbue de rivière"
164003,"chat-fou brun"
164004,"chat-fou liséré"
164013,"barbotte des rapides"
164020,"chat-fou tâcheté"
164041,"barbotte jaune"
164043,"barbotte brune"
164118,"poissons-chats à labyrinths"
164157,"poissons-chats marins"
164187,"poissons-chats épineux"
164234,"balibot canin"
164236,"balibot rayé"
164237,"poissons-chats à longues moustaches"
164279,"poissons-chats cuirassés"
164340,loricariidés
164388,amblyopes
164403,perches-pirates
164407,omiscos
164409,omisco
164412,poissons-crapauds
164457,crampons
164495,baudroies
164497,baudroies
164499,"baudroie d'Amérique"
164511,"baudroie bouche noire"
164518,antennaires
164569,"crapauds de mer"
164573,"chauves-souris de mer"
164620,poissons-football
164653,poissons-pêcheurs
164655,"pêcheur à deux massettes"
164657,"pêcheur à trèfle"
164665,merlus
164665,morues
164667,gadomurenes
164670,moros
164672,"antimore bleu"
164690,"lepidion à grands yeux"
164694,varlets
164697,"bregmacère de l'oceán Indien"
164701,morues
164706,"saïda franc"
164706,"saida franc"
164711,"morue du Pacifique"
164712,"morue de l'Atlantique"
164712,"morue franche"
164717,"morue ogac"
164717,ogac
164720,"poulamon atlantique"
164725,lotte
164727,"lieu noir"
164727,goberge
164728,"lieu jaune"
164730,merluche-écureuil
164732,"merluche blanche"
164733,"merluche à longues nageoires"
164740,brosme
164744,aiglefin
164748,"motelle à quatre barbillons"
164765,"motelle commune"
164766,"motelle de Méditerranée"
164789,merlus
164791,"merlu argenté"
164807,donzelles
164819,"brotule barbe-de-boue"
165094,aurins
165140,"donzelles vivipares"
165215,lycodes
165248,"lycode commun"
165266,"lycode polaire"
165276,"lycode du Labrador"
165277,"lycode pâle"
165280,"lycode arctique"
165284,"lycode à carreaux"
165287,"lycode d'Esmark"
165296,"mollasse atlantique"
165318,"loquette d'Amérique"
165332,grenadiers
165332,marcrouridés
165373,"grenadier raton"
165395,"grenadier du Grand Banc"
165421,"grenadier berglax"
165431,exocets
165546,aiguillettes
165607,balaous
165612,balaou
165629,cyprinodontes
165646,"fondule barré"
165647,choquemort
165859,goodéidés
165864,"poissons à quatre yeux"
165876,poecilies
165984,athérines
165994,capucette
166016,"crayon d'argent"
166124,"poissons à barbe"
166135,hoplites
166153,béryx
166165,poissons-phares
166170,marignans
166278,Saint-Pierre
166309,sangliers
166332,"poissons crêtés"
166339,trachiptères
166354,régalées
166358,stylephoridés
166363,épinoches
166365,"épinoche à trois épines"
166385,"épinoche tachetée"
166387,"épinoche à neuf épines"
166397,"épinoche à quatre épines"
166399,"épinoche à cinq épines"
166402,trompes
166409,trompettes
166414,fistulaires
166438,hippocampes
166443,hippocampes
166451,"syngnathe brun"
166661,têtes-de-serpent
166692,"anguilles des mares"
166702,chabots
166702,rascasses
166704,rascasses
166704,scorpènes
166704,scorpénidés
166756,"sébaste atlantique"
166774,"sébaste acadien"
166781,"sébaste orangé"
166972,grondins
167108,sourcils
167121,"morues noires"
167185,chabots
167188,"icèle à deux cornes"
167192,"icèle spatulée"
167196,"chabots de mer"
167196,"scorpions de mer"
167196,chabots
167207,"hameçon neigeux"
167208,"hameçon atlantique"
167232,"chabot visqueux"
167237,"chabot tacheté"
167253,"chabot à tête plate"
167275,"tricorne arctique"
167289,"hémitriptère atlantique"
167316,"chaboisseau à quatre cornes"
167317,"chaboisseau arctique"
167318,"chaboisseau à épines courtes"
167320,"chaboisseau à dix-huit épines"
167321,"chaboisseau bronzé"
167323,"chabot de profondeur"
167373,"faux-trigle bardé"
167375,"faux-trigle armé"
167376,"faux-trigle à grands yeux"
167408,"cotte polaire"
167410,"chabots veloutés"
167426,poissons-alligators
167438,"poisson-alligator arctique"
167439,"poisson-alligator atlantique"
167478,"agone atlantique"
167483,"poules de mer"
167521,"limace à longues nageoires"
167522,"petite limace de mer"
167541,"petite poule de mer Arctique"
167545,"petite poule de mer atlantique"
167561,"limace marbrée"
167576,"limace atlantique"
167577,"limace des pétoncles"
167579,"limace des laminaires"
167580,"limace de Cohen"
167604,"limace ardente"
167605,"limace à museau noir"
167612,"grosse poule de mer"
167622,"grondins volants"
167642,centropomes
167674,bars
167674,mérous
167674,serranidés
167674,serrans
167678,baret
167680,"bar rayé"
167682,"bar blanc"
167947,"mérou bossu"
168083,crocros
168093,"achigans et crapets"
168097,"crapet de roche"
168131,"crapet rouge"
168132,"crapet vert"
168138,"crapet sac-à-lait"
168141,"crapet arlequin"
168144,crapet-soleil
168153,"crapet à longues oreilles"
168160,"achigan à grande bouche"
168167,"marigane noire"
168176,beauclaires
168196,apogonidés
168196,poissons-cardinaux
168353,macondes
168356,perches
168356,"perches et dards"
168360,"raseux-de-terre gris"
168369,"raseux-de-terre noir"
168378,"dard arc-en-ciel"
168393,"dard à ventre jaune"
168394,"dard barré"
168469,perchaude
168472,"fouille-roche zébré"
168480,"fouille-roche gris"
168506,"doré jaune"
168509,"doré noir"
168517,"dard de sable"
168537,tiles
168557,tassergals
168564,cobilos
168567,rémoras
168584,carangues
168584,pampanos
168584,saurels
168693,"sériole à ceintures"
168789,coryphènes
168828,poissons-rubis
168845,"perches de mer"
168845,vivaneaux
169005,croupias
169013,blanches
169055,grogneurs
169180,dorades
169237,corbs
169237,courbines
169237,maigres
169237,ombrines
169237,tambours
169364,malachigan
169406,surmulets
169503,kyphoses
169554,poissons-papillons
169696,"têtes casquées"
169735,"perches vivipares"
169770,cichlidés
170044,demoiselles
170044,sergents
170222,poissons-éperviers
170287,castagnoles
170333,muges
170424,barracudas
170445,capitaines
170476,labres
170476,poissons-perroquets
170477,labres
170477,labridés
170481,tanche-tautogue
170809,poissons-perroquets
170913,lottes
170913,vives
170914,trichodontes
170920,tout-en-gueule
170945,ronquilles
170995,platêtes
171036,télescopes
171053,uranoscopes
171123,blennidés
171124,blennidés
171124,blennies
171124,gonelles
171124,"papillons de mer"
171124,"blennies à dents de peigne"
171335,poissons-loups
171341,"loup atlantique"
171342,"loup tacheté"
171364,triptérygiidés
171396,cabillauds
171396,clinides
171396,clinies
171550,chaenopsidés
171551,fouette-queues
171554,stichées
171571,"toupet marbré"
171582,"lompénie élancée"
171584,"lompénie tâchetée"
171587,"lompénie naine"
171588,lompénie-serpent
171596,"stichée arctique"
171601,"quatre-lignes atlantique"
171603,"lompénie tachetée"
171609,"terrassier tacheté"
171609,"terrassier tâcheté"
171616,"ulvaire deux-lignes"
171632,sigouines
171645,"sigouine de roche"
171654,"blennies fouisseuses"
171657,zaproridés
171661,icostéidés
171670,lançons
171673,"lançon d'Amérique"
171674,"lançon du nord"
171691,dragonnets
171745,gobies
171746,gobies
172072,"gobie à taches noires"
172161,poissons-lombrics
172171,dormeurs
172250,poissons-chirurgiens
172353,bonites
172353,germons
172353,maquereaux
172353,thons
172354,escolars
172378,"sabres de mer"
172398,maquereaux
172401,"bonite à ventre rayé"
172402,"thonine commune"
172403,"thonine orientale"
172405,"thonine noire"
172408,"bonite du Pacifique oriental"
172409,"bonite à dos rayé"
172410,"bonito oriental"
172412,"maquereau Espagnol"
172412,"maquereau blanc"
172413,"maquereau blanc"
172414,"maquereau commun"
172414,"maquereau bleu"
172415,"maquereau tacheté"
172419,germon
172421,"thon rouge"
172423,albacore
172427,"thon à nageoires noires"
172428,"thon obèse"
172430,"thon mignon"
172431,"thon rouge du sud"
172435,"thazard serra"
172436,"thazard Atlantique"
172437,"thazard franc"
172438,"thazard de Monterey"
172439,"thazard blanc"
172440,"thazard sierra"
172441,"thazard rayé"
172442,"thazard ponctué"
172443,"thazard Coréen"
172445,"thazard cirrus"
172446,"thazard oriental"
172447,"thazard du Queensland"
172448,"thazard tigre"
172449,"thazard nébuleux"
172451,thazard-bâtard
172455,bonitou
172456,auxide
172460,"thon élégante"
172462,"maquereau des Indes"
172463,"maquereau trapu"
172467,palomette
172469,"bonite à gros yeux"
172472,"thazard requin"
172474,"bonite à dos tacheté"
172480,espadons
172482,espadon
172483,louvereaux
172486,voiliers
172508,pompiles
172535,physaliers
172563,stromatées
172567,"stromatée à fossettes"
172578,tétragonures
172609,gouramies
172702,limandes
172702,plies
172702,"poissons plats"
172713,scophthalmidés
172714,turbots
172746,"turbot de sable"
172859,plies
172873,"plie grise"
172877,"plie canadienne"
172904,"plie rouge"
172905,"plie rouge"
172908,"limande à queue jaune"
172909,"limande à queue jaune"
172914,"plie lisse"
172930,"flétan du Groenland"
172933,"flétan atlantique"
172980,soles
173060,soles-langues
173112,balistes
173112,poissons-coffres
173112,poissons-globes
173128,balistes
173235,coffres
173282,tétrodons
173283,sphéroïdes
173382,"poissons porcs-épics"
173412,poissons-lune
173414,môle
173420,amphibiens
173423,crapauds
173423,grenouilles
173435,"grenouille des marais"
173438,"grenouille verte"
173440,"grenouille des bois"
173441,ouaouaron
173443,"grenouille léopard"
173460,"grenouille du nord"
173471,bufonidés
173471,crapauds
173473,"crapaud d'Amérique"
173497,hylidés
173497,"hylidés arboricoles"
173503,"rainette versicolore"
173525,"rainette faux-grillon de l'ouest"
173553,"grenouilles néotropicales"
173584,salamandres
173590,"salamandre maculée"
173599,"salamandre à points bleus"
173615,"triton vert"
173630,"necture tacheté"
173633,"salamandre sombre du nord"
173641,"salamandre des montagnes"
173649,"salamandre rayée"
173678,"salamandre à quatre doigts"
173685,"salamandre à deux lignes"
173715,"salamandre pourpre"
173747,reptiles
173749,tortues
173752,"chélydre serpentine"
173771,"tortue ponctuée"
173772,"tortue des bois"
173776,"tortue tabatière"
173783,"tortue peinte"
173789,"tortue mouchetée"
173794,"tortue géographique"
173819,"tortue à oreilles rouges"
173820,"tortue à oreilles rouges"
173843,"tortue luth"
173861,amphisbènes
173861,lézards
173861,serpents
173885,"anole vert"
173930,"iguane commun"
174118,serpents
174129,"couleuvre brune"
174131,"couleuvre à ventre rouge"
174136,"couleuvre rayée"
174158,"couleuvre à collier"
174187,"couleuvre tachetée"
174251,"couleuvre d'eau"
174306,"crotale des bois"
174371,oiseaux
174442,pingouins
174466,huarts
174469,"Plongeon huard"
174470,"Plongeon à bec blanc"
174471,"Plongeon arctique"
174474,"Plongeon catmarin"
174475,"Plongeon du Pacifique"
174476,grèbes
174479,"Grèbe jougris"
174482,"Grèbe esclavon"
174485,"Grèbe à cou noir"
174503,"Grèbe élégant"
174505,"Grèbe à bec bigarré"
174508,"Grèbe minime"
174512,albatros
174512,tubinares
174512,pétrels
174513,albatros
174521,"albatros à nez jaune"
174525,"Albatros hurleur"
174531,"Albatros fuligineux"
174532,fulmars
174532,pétrels
174536,"Fulmar boréal"
174547,"Puffin à pieds roses"
174548,"Puffin à pieds pâles"
174549,"Puffin majeur"
174550,"Puffin fouquet"
174552,"Puffin de Buller"
174553,"Puffin fuligineux"
174554,"Puffin à bec grêle"
174555,"Puffin des Anglais"
174558,"Puffin de Townsend"
174559,"Petit Puffin"
174561,"Puffin d'Audubon"
174565,"Puffin de la Nativité"
174567,"Pétrel diablotin"
174568,"Pétrel des Bermudes"
174569,"Pétrel maculé"
174570,"Pétrel de la Trinité du Sud"
174573,"Pétrel des Kermadec"
174574,"Pétrel de Juan Fernandez"
174578,"Pétrel des Galapagos"
174579,"Pétrel des Bonin"
174580,"Pétrel à ailes noires"
174582,"Pétrel de Stejneger"
174589,"Pétrel noir"
174591,"Pétrel de Tahiti"
174592,"Pétrel de Murphy"
174610,"Puffin à menton blanc"
174611,"Puffin de Parkinson"
174617,"Pétrel de Jouanin"
174621,"Océanite frégate"
174625,"Océanite à queue fourchue"
174628,"Océanite cul-blanc"
174634,"Océanite cendré"
174635,"Océanite de Guadalupe"
174636,"Océanite de Castro"
174638,"Océanite téthys"
174640,"Océanite noir"
174641,"Océanite de Tristram"
174642,"Océanite de Swinhoe"
174643,"Océanite de Hornby"
174644,"Océanite de Markham"
174646,"Océanite minute"
174650,"Océanite de Wilson"
174655,"Océanite à ventre noir"
174663,"Océanite tempête"
174670,pélicans
174670,ibis
174670,hérons
174673,"Phaéton à bec rouge"
174676,"Phaéton à bec jaune"
174679,"Phaéton à brins rouges"
174684,"Pélican d'Amérique"
174685,"Pélican brun"
174699,"Fou masqué"
174702,"Fou à pieds bleus"
174704,"Fou brun"
174707,"Fou à pieds rouges"
174710,"Fou varié"
174712,"Fou de Bassan"
174715,"Grand Cormoran"
174717,"Cormoran à aigrettes"
174724,"Cormoran de Brandt"
174725,"Cormoran pélagique"
174728,"Cormoran à face rouge"
174755,"Anhinga d'Amérique"
174763,"Frégate superbe"
174766,"Frégate du Pacifique"
174769,"Frégate ariel"
174770,cigognes
174773,"Grand Héron"
174781,"Héron cendré"
174783,"Héron cocoi"
174791,"Héron pourpré"
174793,"Héron vert"
174803,"Héron garde-boeufs"
174810,"grande aigrette"
174813,"Aigrette neigeuse"
174816,"Aigrette garzette"
174821,"Aigrette de Chine"
174822,"Aigrette à gorge blanche"
174824,"Aigrette roussâtre"
174826,"Aigrette tricolore"
174827,"aigrette bleu"
174827,"Aigrette bleue"
174832,"Bihoreau gris"
174842,"Bihoreau violacé"
174846,"Petit Blongios"
174850,"Blongios nain"
174851,"Blongios de Chine"
174856,"Butor d'Amérique"
174857,"Butor mirasol"
174861,"Crabier chinois"
174867,"Héron agami"
174869,"Héron coiffé"
174873,"Savacou huppé"
174880,"Onoré fascié"
174882,"Onoré rayé"
174883,"Onoré du Mexique"
174897,"Tantale d'Amérique"
174917,"Jabiru d'Amérique"
174924,"Ibis falcinelle"
174926,"Ibis à face blanche"
174930,"Ibis blanc"
174931,"Ibis rouge"
174933,"Spatule blanche"
174941,"Spatule rosée"
174965,"Ibis mandore"
174967,"Ibis vert"
174976,"flamant rose"
174976,"Flamant des Caraïbes"
174982,canards
174982,cygnes
174982,oies
174982,sauvagine
174983,canards
174983,cygnes
174983,oies
174985,"cygne tuburculé"
174987,"cygne siffleur"
174992,"cygne trompette"
174999,"bernache du Canada"
175011,"bernache cravant"
175014,"bernache nonnette"
175020,"oie rieuse"
175024,"oie des moissons"
175036,"oie à bec court"
175038,"oie des neiges"
175041,"oie de Ross"
175046,"dendrocygne fauve"
175055,"tadorne de Belon"
175056,"canard des Bahamas"
175063,"canard colvert"
175068,"canard noir"
175073,"canard chipeau"
175074,"canard pilet"
175081,"sarcelle d'hiver"
175086,"sarcelle à ailes bleues"
175089,"sarcelle cannelle"
175092,"canard siffleur"
175093,"sarcelle d'été"
175094,"canard d'Amérique"
175096,"canard souchet"
175122,"canard branchu"
175125,"fuligule à tête rouge"
175128,"fuligule à collier"
175129,"fuligule à dos blanc"
175130,"fuligule milouinan"
175134,"petit fuligule"
175135,"fuligule morillon"
175141,"garrot à oeil d'or"
175144,"garrot d'Islande"
175145,"petit garrot"
175147,"harelde kakawi"
175149,"arlequin plongeur"
175151,"eider du Labrador"
175153,"eider de Steller"
175155,"eider à duvet"
175160,"eider à tête grise"
175163,"macreuse brune"
175170,"macreuse à front blanc"
175171,"macreuse noire"
175175,"érismature rousse"
175183,"harle couronné"
175185,"grand harle"
175187,"harle huppé"
175196,"harle piette"
175262,faucons
175265,"Urubu à tête rouge"
175269,"Urubu à tête jaune"
175272,"Urubu noir"
175274,"Condor de Californie"
175277,"Sarcoramphe roi"
175280,aigles
175280,buses
175280,éperviers
175282,"Élanion à queue blanche"
175289,"Milan à queue fourchue"
175293,"Milan bleuâtre"
175295,"Milan des marais"
175300,"Autour des palombes"
175304,"epervier brun"
175304,"Épervier brun"
175309,"epervier de Cooper"
175309,"Épervier de Cooper"
175310,"Épervier bicolore"
175323,"Épervier de Cuba"
175337,"Autour à ventre gris"
175342,"Épervier de Horsfield"
175343,"Épervier nain"
175350,"Buse à queue rousse"
175359,"Buse à épaulettes"
175365,"Petite Buse"
175367,"Buse de Swainson"
175368,"Buse à queue barrée"
175369,"Buse à queue blanche"
175372,"Buse à queue courte"
175373,"Buse pattue"
175377,"Buse rouilleuse"
175378,"Buse cendrée"
175387,"Buse à gros bec"
175391,"Buse de Ridgway"
175394,"Buse d'Hawaï"
175397,"Buse de Harris"
175402,"Buse noire"
175405,"Buse urubu"
175407,"Aigle royal"
175419,"Pygargue à queue blanche"
175420,"Pygargue à tête blanche"
175423,"Pygargue empereur"
175430,"Busard Saint-Martin"
175434,"Busard de Buffon"
175447,"Milan de Cayenne"
175449,"Milan bec-en-croc"
175460,"Élanion perle"
175462,"Milan bidenté"
175469,"Milan noir"
175516,"Buse échasse"
175536,"Buse blanche"
175543,"Buse barrée"
175548,"Buse solitaire"
175552,"Busarelle à tête blanche"
175556,"Harpie huppée"
175581,"Aigle orné"
175583,"Aigle tyran"
175588,"aigles pêcheurs"
175590,"Balbuzard pêcheur"
175595,"Caracara du Nord"
175597,"Caracara de Guadalupe"
175599,"Faucon gerfaut"
175603,"Faucon des prairies"
175604,"faucon pélerin"
175604,"Faucon pèlerin"
175610,"Faucon aplomado"
175613,"Faucon émerillon"
175620,"Faucon crécerelle"
175622,"Crécerelle d'Amérique"
175637,"Faucon orangé"
175651,"Faucon des chauves-souris"
175654,"Faucon hobereau"
175656,"Faucon kobez"
175667,"Caracara à tête jaune"
175670,"Macagua rieur"
175673,"Carnifex ardoisé"
175675,"Carnifex barré"
175676,"Carnifex à collier"
175693,gallinacées
175693,volaille
175790,"gélinotte huppée"
175804,"lagopède des saules"
175813,"lagopède alpin"
175841,"tétras à queue fine"
175861,cailles
175861,faisans
175863,"colin de Virginie"
175905,"faisan de chasse"
175915,"perdrix grise"
176136,"dindon sauvage"
176147,grues
176147,râles
176177,"grue du Canada"
176205,foulques
176205,gallinules
176205,râles
176207,"râle élégant"
176221,"râle de Virginie"
176242,"marouette de Caroline"
176259,"râle jaune"
176263,"râle noir"
176280,"talève violacée"
176284,"gallinule poule-d'eau"
176292,"foulque d'Amérique"
176445,goélands
176445,alcidés
176445,huîtriers
176449,"Jacana du Mexique"
176467,huîtriers
176469,"Huîtrier pie"
176472,"Huîtrier d'Amérique"
176475,"Huîtrier de Bachman"
176481,"Vanneau huppé"
176484,"Vanneau téro"
176504,"Pluvier grand-gravelot"
176506,"pluvier à semipalmé"
176506,"Pluvier semipalmé"
176507,"Pluvier siffleur"
176514,"Pluvier de Mongolie"
176517,"Pluvier de Wilson"
176520,"Pluvier kildir"
176522,"Pluvier montagnard"
176527,"Pluvier d'Azara"
176529,"Pluvier petit-gravelot"
176532,"Pluvier de Leschenault"
176545,"Pluvier guignard"
176561,"Pluvier doré"
176564,"pluvier doré d'Amérique"
176564,"Pluvier bronzé"
176567,"Pluvier argenté"
176568,bécasseaux
176571,"Tournepierre à collier"
176574,"Tournepierre noir"
176578,"Bécasse des bois"
176580,"Bécasse d'Amérique"
176591,"Bécassine sourde"
176593,"Courlis à long bec"
176596,"Courlis cendré"
176598,"Courlis de Sibérie"
176599,"Courlis corlieu"
176604,"Courlis d'Alaska"
176605,"Courlis esquimau"
176606,"Courlis nain"
176607,"Courlis à bec grêle"
176610,"Maubèche des champs"
176612,"chevalier grivelé"
176613,"Chevalier guignette"
176615,"Chevalier solitaire"
176618,"Chevalier sylvain"
176619,"Grand Chevalier"
176620,"Petit Chevalier"
176621,"Chevalier arlequin"
176622,"Chevalier gambette"
176624,"Chevalier aboyeur"
176626,"Chevalier de Sibérie"
176630,"Chevalier errant"
176632,"Chevalier cul-blanc"
176633,"Chevalier stagnatile"
176638,"chevalier semipalmé"
176642,"Bécasseau maubèche"
176645,"Bécasseau de l'Anadyr"
176646,"Bécasseau violet"
176647,"Bécasseau des Aléoutiennes"
176652,"Bécasseau à queue pointue"
176653,"Bécasseau à poitrine cendrée"
176654,"Bécasseau à croupion blanc"
176655,"Bécasseau de Baird"
176656,"Bécasseau minuscule"
176657,"Bécasseau à longs doigts"
176658,"Bécasseau de Temminck"
176659,"Bécasseau à col roux"
176660,"Bécasseau cocorli"
176661,"Bécasseau variable"
176667,"Bécasseau semipalmé"
176668,"Bécasseau d'Alaska"
176669,"Bécasseau sanderling"
176670,"Bécasseau minute"
176673,"Bécasseau du ressac"
176675,"Bécassin roux"
176679,"Bécassin à long bec"
176684,"Bécasseau roussâtre"
176686,"Barge marbrée"
176687,"Barge rousse"
176690,"Barge hudsonienne"
176691,"Barge à queue noire"
176695,"combatant varié"
176695,"Combattant varié"
176697,"Bécasseau spatule"
176700,"Bécassine des marais"
176709,"Bécassine solitaire"
176710,"Bécassine à queue pointue"
176716,"Bécasseau falcinelle"
176718,"Chevalier bargette"
176721,"Avocette d'Amérique"
176726,"echasse d'Amérique"
176726,"Échasse d'Amérique"
176727,"Échasse blanche"
176734,"Phalarope à bec large"
176735,"Phalarope à bec étroit"
176736,"Phalarope de Wilson"
176746,"Oedicnème bistrié"
176773,"Glaréole orientale"
176777,"Glaréole à collier"
176790,sternes
176792,"Labbe pomarin"
176793,"Labbe parasite"
176794,"Labbe à longue queue"
176796,"grand labbe"
176801,"labbe de Mccormick"
176802,becs-en-ciseaux
176802,goélands
176802,labbes
176802,mouettes
176808,"Goéland bourgmestre"
176811,"Goéland arctique"
176813,"goéland de Kumlien"
176814,"Goéland à ailes grises"
176815,"Goéland marin"
176816,"Goéland à manteau ardoisé"
176817,"Goéland d'Audubon"
176821,"Goéland brun"
176824,"Goéland argenté"
176828,"Goéland de Thayer"
176829,"Goéland de Californie"
176830,"Goéland à bec cerclé"
176831,"Goéland à queue noire"
176832,"Goéland cendré"
176835,"mouette rieuse"
176837,"mouette atricille"
176838,"mouette de Franklin"
176839,"mouette de Bonaparte"
176840,"mouette pygmée"
176841,"Goéland de Heermann"
176843,"Goéland siméon"
176845,"Mouette des brumes"
176849,"Goéland dominicain"
176851,"Mouette blanche"
176864,"Mouette rosée"
176866,"Mouette de Sabine"
176875,"Mouette tridactyle"
176880,"Goéland de Cortez"
176882,"Sterne hansel"
176887,"Sterne de Forster"
176888,"Sterne pierregarin"
176890,"Sterne arctique"
176891,"Sterne de Dougall"
176924,"sterne caspienne"
176931,"Sterne élégante"
176932,"Sterne caugek"
176935,"Sterne caspienne"
176941,"Noddi brun"
176944,"Noddi noir"
176946,"Mouette à queue fourchue"
176948,"Sterne à gros bec"
176950,"Sterne inca"
176954,"Gygis blanche"
176958,"Guifette leucoptère"
176959,"Guifette noire"
176967,guillemots
176971,"Petit Pingouin"
176974,"Guillemot marmette"
176978,"Guillemot de Brünnich"
176982,"mergule main"
176982,"Mergule nain"
176985,"Guillemot à miroir"
176991,"Guillemot colombin"
176996,"Guillemot marbré"
176998,"Guillemot de Kittlitz"
177008,"Guillemot à cou blanc"
177010,"Guillemot de Craveri"
177011,"Guillemot de Xantus"
177013,"Starique de Cassin"
177019,"Starique cristatelle"
177020,"Starique minuscule"
177021,"Starique pygmée"
177023,"Macareux rhinocéros"
177025,"Macareux moine"
177029,"Macareux cornu"
177032,"Macareux huppé"
177037,"Grand Pingouin"
177038,colombes
177038,pigeons
177050,"Ganga à ventre brun"
177061,colombes
177061,pigeons
177071,"pigeon biset"
177121,"tourterelle à ailes blanches"
177125,"tourterelle triste"
177132,"tourte voyageuse"
177404,perroquets
177405,aras
177405,cacatoès
177405,perroquets
177816,coucoua
177831,"coulicou à bec jaune"
177834,"coulicou à bec noir"
177848,chouettes
177848,engoulevents
177848,hiboux
177851,"effraie de clochers"
177854,strigidés
177856,"petit-duc maculé"
177884,"grand-duc d'Amérique"
177896,"harfang des neiges"
177898,"chouette épervière"
177921,"chouette rayée"
177929,"chouette lapone"
177932,"hibou moyen-duc"
177935,"hibou des marais"
177938,"nyctale de Tengmalm"
177942,"petite nyctale"
177946,"chevêche des terriers"
177960,"engoulevent de Caroline"
177961,"engoulevent bois-pourri"
177979,"engoulevent d'Amérique"
178001,"martinet ramoneur"
178028,oiseaux-mouches
178032,"colibri à gorge rubis"
178102,martins-pêcheurs
178119,"martin-pêcheur d'Amérique"
178140,pic-bois
178148,fourmiliers
178148,pic-bois
178154,"pic flamboyant"
178166,"grand pic"
178186,"pic à tête rouge"
178195,"pic à ventre roux"
178202,"pic maculé"
178250,"pic à dos noir"
178251,"pic tridactyle"
178259,"pic mineur"
178262,"pic chevelu"
178265,passereaux
178277,"tyrans gobe-mouches"
178279,"tyran tritri"
178287,"tyran de l'ouest"
178293,"tyran à longue queue"
178294,"tyran des savanes"
178309,"tyran huppé"
178316,"tyran à gorge cendrée"
178329,"moucherolle phébi"
178333,"moucherolle à ventre roux"
178338,"moucherolle à ventre jaune"
178339,"moucherolle vert"
178340,"moucherolle des aulnes"
178341,"moucherolle des saules"
178344,"moucherolle tchébec"
178359,"pioui de l'est"
178431,"hirondelle bicolore"
178436,"hirondelle de rivage"
178443,"hirondelle à ailes hérissées"
178448,"hirondelle rustique"
178455,"hirondelle à front blanc"
178464,"hirondelle noire"
178511,"pie-grièche grise"
178515,"pie-grièche migratrice"
178529,"jaseur boréal"
178532,"jaseur d'Amérique"
178541,"troglodyte familier"
178547,"troglodyte mignon"
178581,"troglodyte de Caroline"
178605,"troglodyte à bec court"
178608,"troglodyte des marais"
178620,"moqueur polyglotte"
178625,"moqueur chat"
178627,"moqueur roux"
178775,"sittelle à poitrine blanche"
178784,"sittelle à poitrine rousse"
178793,grimpereaux
178803,"grimpereau brun"
178841,"Paruline à calotte rousse"
178844,"Paruline noir et blanc"
178846,"Paruline orangée"
178848,"Paruline de Swainson"
178850,"paruline vermivore"
178852,"Paruline à ailes dorées"
178853,"paruline à ailes bleues"
178854,"Paruline de Bachman"
178855,"paruline obscure"
178856,"paruline verdâtre"
178861,"paruline à joues grises"
178868,"paruline à collier"
178878,"paruline jaune"
178886,"paruline à tête cendrée"
178887,"paruline tigrée"
178888,"paruline bleue"
178891,"paruline à croupion jaune"
178896,"paruline grise"
178898,"paruline à gorge noire"
178902,"paruline à tête jaune"
178903,"paruline azurée"
178904,"paruline à gorge orangée"
178905,"paruline à gorge jaune"
178911,"paruline à flancs marron"
178912,"paruline à poitrine baie"
178913,"paruline rayée"
178914,"paruline des pins"
178917,"paruline de Kirtland"
178918,"paruline des prés"
178921,"paruline à couronne rousse"
178927,"paruline couronnée"
178931,"paruline des ruisseaux"
178935,"paruline hochequeue"
178937,"paruline du Kentucky"
178938,"Paruline à gorge grise"
178939,"paruline triste"
178944,"Paruline masquée"
178957,"Paruline de Belding"
178960,"Paruline à calotte grise"
178964,"Paruline polyglotte"
178970,"Paruline à face rouge"
178972,"paruline à capuchon"
178973,"paruline à calotte noire"
178977,"paruline du Canada"
178979,"Paruline flamboyante"
178985,"Paruline ardoisée"
178986,"Paruline à ailes blanches"
178991,"viréo aux yeux blancs"
179009,"viréo à gorge jaune"
179010,"viréo à tête bleue"
179021,"viréo aux yeux rouges"
179022,"viréo de Philadelphie"
179023,"viréo mélodieux"
179032,"goglu des prés"
179034,"sturnelle des prés"
179039,"sturnelle de l'ouest"
179043,"carouge à tête jaune"
179045,"carouge à épaulettes"
179064,"oriole des vergers"
179083,"oriole du nord"
179091,"quiscale rouilleux"
179094,"quiscale de Brewer"
179104,"quiscale bronzé"
179112,"vacher à tête brune"
179122,gros-becs
179122,moineaux
179122,roselins
179124,"cardinal rouge"
179139,"cardinal à poitrine rose"
179145,"guicara bleu"
179150,"passerin indigo"
179165,"dickcissel d'Amérique"
179173,"gros-bec errant"
179186,"roselin pourpré"
179191,"roselin familier"
179205,"durbec des sapins"
179226,"chardonneret élégant"
179230,"sizerin flammé"
179231,"sizerin blanchâtre"
179233,"tarin des pins"
179236,"chardonneret jaune"
179259,"bec-croisé des sapins"
179268,"bec-croisé bifascié"
179276,"tohi à flancs roux"
179310,"tohi à queue verte"
179312,"bruant noir et blanc"
179314,"bruant des prés"
179333,"bruant sauterelle"
179340,"bruant de Henslow"
179345,"bruant de le Conte"
179366,"bruant vespéral"
179371,"bruant à joues marron"
179410,"junco ardoisé"
179432,"bruant hudsonien"
179435,"bruant familier"
179439,"bruant des plaines"
179443,"bruant des champs"
179454,"bruant à face noire"
179455,"bruant à couronne blanche"
179462,"bruant à gorge blanche"
179464,"bruant fauve"
179484,"bruant de Lincoln"
179488,"bruant des marais"
179492,"bruant chanteur"
179526,"bruant lapon"
179529,"bruant de Smith"
179532,"bruant des neiges"
179628,"moineau domestique"
179635,étourneaux
179637,"étourneau sansonnet"
179665,corneilles
179665,geais
179665,pies
179667,"mésangeai du Canada"
179680,"geai bleu"
179685,"geai de Steller"
179720,"pie bavarde"
179725,"grand corbeau"
179731,"corneille d'Amérique"
179744,"Marianas Crow"
179746,"choucas des tours"
179757,"merle noir"
179759,"merle d'Amérique"
179766,"grive litorne"
179773,"grive à collier"
179777,"grive des bois"
179779,"grive solitaire"
179788,"grive à dos olive"
179793,"grive à joues grises"
179796,"grive fauve"
179801,"merlebleu de l'est"
179806,"merle-bleu de l'ouest"
179811,"merlebleu azuré"
179814,"traquet motteux"
179824,"solitaire de Townsend"
179839,fauvettes
179839,gobe-mouches
179853,"gobemoucherons gris-bleu"
179865,"roitelet à couronne dorée"
179870,"roitelet à couronne rubis"
179882,"tangara à tête rouge"
179883,"tangara écarlate"
179888,"tangara vermillon"
179913,mammifères
179918,marsupiaux
179921,"opossum d'Amérique"
179929,"musaraigne cendrée"
179933,"musaraigne palustre"
179935,"musaraigne arctique"
179935,"musaraigne nordique"
179941,"musaraigne longicaude"
179943,"musaraigne fuligineuse"
179944,"musaraigne de Gaspé"
179946,"musaraigne pygmée"
179964,"condylure étoilé"
179967,"grande musaraigne"
179977,"taupe à queue velue"
179988,"petite chauve-souris brune"
179999,"chauve-souris pygmée"
180000,"chauve-souris nordique"
180008,"grande chauve-souris brune"
180014,"chauve-souris argentée"
180016,"chauve-souris rousse"
180017,"chauve-souris cendrée"
180025,"pipistrelle de l'est"
180089,primates
180112,"lièvre d'Amérique"
180124,"lapin à queue blanche"
180130,rongeurs
180137,"marmotte commune"
180166,"écureuil roux"
180169,"grand polatouche"
180170,"petit polatouche"
180175,"écureuil gris"
180195,"tamia mineur"
180207,"tamia rayé"
180212,castor
180273,rats
180273,souris
180276,"souris sylvestre"
180278,"souris à pattes blanches"
180294,"campagnol à dos roux de Gapper"
180297,"campagnol des champs"
180307,"campagnol des rochers"
180314,"campagnol sylvestre"
180318,"rat musqué"
180323,"campagnol-lemming boréale"
180324,"campagnol-lemming de Cooper"
180329,"lemming d'Ungava"
180359,phénacomys
180360,campagnols
180360,rats
180360,souris
180362,"rat noir"
180363,"rat surmulot"
180366,"souris commune"
180386,"souris sauteuse des champs"
180390,"souris sauteuse des bois"
180393,"porc-épic d'Amérique"
180402,nutria
180403,baleines
180403,cétacés
180403,dauphins
180403,"mammfères marins"
180403,marsouins
180442,"dauphin à nez blanc"
180443,"dauphin à flancs blancs"
180469,épaulard
180473,"marsouin commun"
180483,béluga
180485,narval
180504,"baleine à bec commune"
180524,"petit rorqual"
180526,"rorqual boréal"
180527,"rorqual commun"
180528,"rorqual bleu"
180530,"rorqual à bosse"
180533,"baleine boréale"
180537,"baleine noire"
180539,carnivores
180542,"ours blanc"
180544,"ours noir"
180549,"loutre de rivière"
180549,"loutre de Canada"
180551,carcajou
180553,"vison d'Amérique"
180554,"belette pygmée"
180555,hermine
180556,"belette à longue queue"
180559,"martre d'Amérique"
180560,pékan
180562,"mouffette rayée"
180575,"raton laveur"
180582,"lynx roux"
180585,"lynx du Canada"
180596,loup
180599,coyote
180602,"renard arctique"
180604,"renard roux"
180609,"renard gris"
180639,morse
180644,"phoque annelé"
180647,"phoque du Groenland"
180649,"phoque commun"
180653,"phoque gris"
180655,"phoque barbu"
180657,"phoque à capuchon"
180695,wapiti
180699,"cerf de Virginie"
180701,caribou
180703,orignal
180708,"boeuf musqué"
181777,"isoète hiéroglyphique"
181788,"adiante des aléoutiennes"
182135,"érable noir"
182154,"cicutaire maculée variété de Victorin"
182441,"alisma commun"
182451,"sagittaire à grand calice variété spongieuse"
182561,belle-angélique
183376,"pin rigide"
183480,"ciprés Monterrey"
183608,"busserole rouge"
184353,"arabette de Holboell variété de Holboell"
184354,"arabette de Holboell variété de Collins"
184494,"armoracie des étangs"
184938,"arnica de Chamisso sous-espèce multifeuille"
184939,"arnica lonchophylle sous-espèce lonchophylle"
185977,"aeshne du Canada"
185990,"blatte australienne"
185991,"blatte brune"
186036,"perce-oreille européen"
186058,"pou du cheval"
186059,"pou (grand) du bétail"
186061,"pou du porc"
186066,"pou du chien"
186067,"pou du boeuf"
186075,"pou de l'homme"
186076,"pou de l'homme"
187104,"mycétophage des céréales"
187197,"ténébrion (petit) mat"
187198,"ténébrion des champignons"
187243,"ténébrion meunier"
187244,"ténébrion obscur"
187246,"tribolium rouge de la farine"
187247,"tribolium brun de la farine"
187464,"perceur (petit) des céréales"
187477,"lycte à cou plat"
187735,"longicorne champêtre"
187775,"altise du tabac"
187787,"altise à bandes pâles"
187909,"charançon des feuilles du trèfle"
188007,"charançon noir de la vigne"
188076,"calandre des grains"
188080,"charançon du riz"
188444,"bupreste doré"
188484,"trogoderme des denrées"
188486,"trogoderme des entrepots"
188508,"cuivre de la potentille"
188509,"cuivre des tourbières"
188519,"bleu argenté"
188523,"azur printanier"
188528,"coliade de la luzerne"
188529,"coliade du trèfle"
188530,"coliade intérieure"
188538,"piéride des crucifères"
188541,"piéride de la rave"
188541,"piéride du chou"
188546,"papillon queue-courte"
188551,"satyre fauve"
188555,"nordique orange"
188556,"nordique à nervures blanches"
188557,"nordique des tourbières"
188560,"nordique alpin"
188565,"argynne de l'Atlantique"
188567,"boloria à taches argentées"
188570,"boloria des tourbières"
188580,"boloria des prés"
188588,"polygone satyre"
188589,"polygone à taches vertes"
188590,"polygone gracile"
188591,"polygone gris"
188597,"chenille épineuse de l'orme"
188597,morio
188599,vulcain
188600,"vanesse virginiensis"
188601,"belle dame"
188605,"hespérie grisâtre"
188607,echiquier
188609,"hespérie des graminées"
188613,"hespérie boréale"
188619,"sphinx ondulé"
188621,"sphinx du Canada"
188622,"sphinx du laurier"
188623,"sphinx du pommier"
188624,"sphinx du cerisier"
188626,"sphinx géminé"
188627,"sphinx du saule"
188629,"sphinx aveugle"
188633,"sphinx colibri"
188635,"sphinx de l'épilobe"
188637,"sphinx du gaillet"
188662,"ecaille martre"
188664,"acronycte de l'aulne"
188665,"acronycte du peuplier"
188668,"acronycte grise"
188670,"acronycte fragile"
188672,"acronycte impressionnée"
188680,"alypie de Langton"
188693,"ver-gris arénicole"
188728,"noctuelle marbrée de l'épinette"
188730,"chenille à lignes jaunes"
188788,"chenille cameléon"
188799,"fausse-likenée du robinier"
188856,"noctuelle des graminées"
188858,"orthosie gris-vert"
188859,"orthosie verte"
188871,"cucullie de la verge d'or"
188875,"noctuelle du chèvrefeuille"
188954,"noctuelle cuivrée"
188961,"noctuelle des atocas"
188966,"arlequin du sapin"
188973,"pique-bouton du rosier"
188996,"autographe de l'épinette"
189004,"autographe verdâtre"
189015,"likenée du chêne"
189016,"likenée blanche"
189017,"likenée rougeâtre"
189018,"likenée Briseis"
189022,découpure
189038,"arlequin de l'épinette"
189044,"chenille bossue du chêne et de l'érable"
189053,"chenille à raies jaunes"
189057,"polyphème d'Amérique"
189065,"faucille lignée"
189066,"faucille dentelée"
189081,"arpenteuse (petite) du sapin"
189082,"arpenteuse (petite) du pin"
189083,"arpenteuse (petite) des conifères"
189104,"arpenteuse (petite) hâtive"
189106,"arpenteuse (petite) des cônes"
189111,"arpenteuse (petite) de l'érable"
189120,"arpenteuse grise du tremble"
189151,"arpenteuse bilignée"
189169,"arpenteuse transverse de l'érable"
189181,"arpenteuse verte élancée"
189191,"arpenteuse à bandes transversales"
189232,"géomètre noir du bouleau"
189248,"arpenteuse du cerisier"
189261,"arpenteuse verte des conifères"
189264,"arpenteuse verte du mélèze"
189283,"arpenteuse bossue de la pruche"
189289,"arpenteuse perlée"
189315,"arpenteuse grise de l'épinette"
189319,"arpenteuse brune du pin"
189323,"arpenteuse biépineuse"
189332,"puce de l'homme"
189334,"puce orientale du rat"
189345,"puce du rat"
189395,"éperlan nain"
192107,"doradille des murailles"
192175,"athyrie alpestre sous-espèce américaine"
192742,"astragale de Robbins variété de Fernald"
193196,"aster d'Anticosti"
193319,"aster fragile"
194806,"cèdre rouge"
194820,"genévrier commun"
194846,"genévrier horizontal"
196080,"aralie montagne"
196091,"bois lait de montagne"
196392,"platanthère blanchâtre variété jaune-paille"
196415,"platanthère orbiculaire variété à grandes feuilles"
200026,"cicadelle de la betterave"
200139,"cercope des prés"
200568,"aleurode des serres"
200572,"puceron du pois"
200575,"puceron de la gourgane"
200576,"puceron du haricot"
200576,"puceron noir des fèves"
200577,"puceron du melon"
200579,"puceron du nerprun"
200585,"puceron de la digitale"
200589,"puceron du chou"
200593,"puceron de la carotte"
200624,"puceron du navet"
200626,"puceron du chrysanthème"
200628,"puceron de la pomme de terre"
200635,"puceron vert du pêcher"
200660,"puceron du maïs"
200663,"puceron bicolore des céréales"
200674,"puceron des céréales"
200686,"puceron géant du saule"
200719,"cochenille du laurier-rose"
200793,"cochenille virgule du pommier"
200880,"cochenille hémisphérique"
200949,"cochenille de l'oranger"
201252,"desmocere à manteau"
202000,crapets-pygmées
202002,bars
202018,"bonite bagnard"
202045,"thazard tacheté du sud"
202046,"thazard Papou"
202047,"thazard Australien"
202048,"thazard Kanadi"
202055,"maquereau des îles"
202060,thazard-kusara
202065,"thon papillon"
202070,"soles américaines"
202222,"Grèbe de l'Atitlan"
202392,couguar
202421,bactéries
202422,plantes
202423,animaux
203347,ascidies
203347,tuniciers
203351,pèlerins
203353,"requins à longue dorsale"
203356,"squales bouclés"
203428,poissons-bourses
203446,"Puffin cendré"
203446,"puffin cendrée"
203449,"Puffin leucomèle"
207303,"rainette crucifère"
207312,"rainette faux-grillon boréale"
208680,"tortue-molle à épines"
331030,vertébrés
501018,"botryche champêtre"
501018,"botryche des champs"
501029,"botryche à limbe rugueux"
501029,"botryche du St. Laurent"
501231,"carex de Host"
501453,"chamésyce à feuilles de renouée"
502246,"élodée de Nuttall"
502752,"gentianopsis de Macoun"
502754,"gentianopsis de Victorin"
503499,"lipocarphe à petites fleurs"
504033,herbe-sans-couture
504104,"panic de Philadelphie"
504296,"phégoptère à hexagones"
504486,"polémoine de Van-Brunt"
504958,"saule à bractées vertes"
505490,"cèdre-thuya occidental"
505490,"thuier cèdre"
505587,"troscart de la Gaspésie"
506500,abaca
506728,"coco de mer"
506848,"botryche pâle"
506849,"botryche à segments spatulés"
506849,"botryche spatulé"
509285,"aster du Saint-Laurent"
510028,"doradille ambulante"
511979,"souchet d'Engelmann"
512490,"drave de Pease"
514134,"gnaphale de Norvège"
520257,"rosier de Rousseau"
520271,"rosier de Williams"
522377,"pissenlit du Saint-Laurent"
524119,"gymnocarpe du Japon sous-espèce frêle"
524125,"sainfoin boréal variété de Mackenzie"
524424,"pédiculaire des sudètes sous-espèce à bractées dilatées"
524554,"renouée de Douglas variété de Douglas"
525635,"prêle d'hiver"
525661,"vergerette de Philadelphie sous-espèce de Provancher"
526653,"scirpe nain sous-espèce de Rolland"
527947,"vergerette à feuilles d'hysope variété à tige velue"
528074,"vélar à petites fleurs variété du Saint-Laurent"
528568,"iris de Virginie variété de Shreve"
528806,"lindernie litigieuse variété estuarienne"
529242,"muhlenbergie des bois variété des bois"
529243,"muhlenbergie ténue variété ténue"
529349,"oxytropis visqueux variété visqueux"
529805,"potamot nain variété à gemmes"
530004,"sumac aromatique variété aromatique"
530236,"sanicle du Canada variété du Canada"
530914,"zizanie à fleurs blanches variété à fleurs blanches"
530915,"zizanie à fleurs blanches variété naine"
531178,"faux poivrier"
531826,"verge-d'or simple variété à grappes"
531827,"verge-d'or simple variété de Rand"
531828,"verge-d'or simple variété à bractées vertes"
533618,"chardon multifeuille variété de la Minganie"
534227,"cypripède jaune variété à pétales plats"
534230,"cypripède oeuf-de-passereau variété de la Minganie"
534599,"drave glabre variété à graines imbriquées"
535907,"gratiole négligée variété du Saint-Laurent"
536629,"gesse veinée variété hirsute"
537299,"lycope d'Amérique variété du Saint-Laurent"
537979,"onosmodie velue variété hispide"
538187,"oxytropis visqueux variété de l'Hudsonie"
538819,"physostégie de Virginie variété granuleuse"
540357,"saxifrage des neiges variété de la Gaspésie"
540431,"schizachné pourpré variété pubescent"
550548,"limace gélatineuse"
550562,"achigan à petite bouche"
550591,motelle
551151,pristigastéridés
551212,"hareng gracile"
551235,"sardinelle coulat"
551236,"sardinella daniva"
551237,"sardinelle tachetée"
551239,"alose blanche"
551296,"alose palli"
551301,"alose toli"
551315,"alose à gros yeux"
551316,"alose indienne"
551324,"alose-écaille indienne"
551333,"poisson-papiér tarture"
551399,"anchois joues tachetées"
551405,"anchois-moustache andeli"
551408,"anchois-moustache mamata"
551413,"anchois-moustache sardelle"
551418,"anchois-moustache cornu"
551435,"alices taches d'or"
551441,"alice franche"
551445,"sardinella blanche"
551449,"sardinelle dorée"
551454,"sardinelle queue noire"
551499,requins-tapis
551502,requins-lutins
551503,requins-crocodiles
551570,"crevette royale grise"
551571,"crevette royale rose"
551572,"crevette cristal"
551573,"crevette pattes jaune"
551574,"crevette rodché"
551575,"crevette rodché du Sud"
551576,"crevette de São Paulo"
551577,"crevette café"
551578,"crevette charnue"
551579,"crevette royale blanche (des Indes)"
551580,"crevette banana"
551581,"crevette queue rouge"
551588,"crevette kuruma"
551589,"crevette sorcière"
551590,caramote
551591,"crevette royale à taches rouges"
551592,"crevette aloha"
551593,"crevette royale orientale"
551661,"crevette carabali"
551662,"crevette gambri"
551663,"crevette gambri indienne"
551664,"crevette pinto"
551665,"crevette zèbre"
551666,"crevette gambri jaune"
551673,"crevette gambri archée"
551674,"crevette gambri brune"
551678,"crevette royale blanche (du Pacifique)"
551679,"crevette ligubam du sud"
551680,"crevette ligubam de nord"
551681,"crevette bleue"
551682,"crevette pattes blanches"
551683,"crevette gambri nordique"
551684,"crevette gambri grenue"
551686,"crevette gambri malaise"
551687,"crevette royale occidentale"
551707,"boucot noisette"
551711,"boucot carène"
551728,"boucout cacahouette"
552461,"globicéphale noir de l'Atlantique"
552511,"lièvre arctique"
553128,"aiguilles de mer"
553128,orphies
553129,piranhas
553130,cyprinodontes
553133,argentines
553133,éperlans
553172,demi-becs
553173,anchois
553174,fondules
553178,"chèvres de mer"
553179,"flétans de sable"
553181,"fausses murènes"
553203,aplochéilidés
553204,profundulidés
553210,"chabots grogneurs"
553212,hémitriptères
553216,grammatidés
553219,plumières
553220,inermiidés
553223,terrassiers
553227,labrisomidés
553231,cochers
553233,"poissons pailletés"
553235,triacanthodidés
553237,demoiselles
553269,"esturgeon noir"
553273,"meunier noir"
553289,"tarpon indo-pacifique"
553433,flamants
553437,colibris
553437,oiseaux-mouches
553448,roitelets
553896,"tétras du Canada"
554027,"Grèbe à face blanche"
554029,"Starique perroquet"
554031,"bruant de Nelson"
554127,"pipit d'Amérique"
554135,"Grande Aigrette"
554142,"Paruline à couronne dorée"
554143,"Guillemot à long bec"
554144,"Pétrel de Bulwer"
554145,"Bécasseau à échasses"
554221,"moucherolle à côtés olive"
554256,"alouette hausse-col"
554268,"Milan du Mississippi"
554343,"Héron intermédiaire"
554375,"Cormoran vigua"
554376,"phalarope à bec large"
554377,"Albatros à queue courte"
554378,"Albatros de Laysan"
554379,"Albatros à pieds noirs"
554381,"Pluvier fauve"
554382,"mésange à tête noire"
554386,"mésange à tête brune"
554390,"Noddi bleu"
554394,"Pétrel à col blanc"
554395,"Pétrel de Cook"
554396,"Puffin cul-noir"
554447,"Bec-en-ciseaux noir"
554451,"Albatros à cape blanche"
554452,"Albatros à nez jaune"
554453,"Albatros à sourcils noirs"
555701,"limaces de mer"
555705,champignons
558852,"Paruline à sourcils dorés"
558863,"Paruline du Pirré"
558867,"Paruline sombre"
558872,"Paruline triligne"
558956,"Buse roussâtre"
559095,"Paruline de Saint-Vincent"
559297,"Busard des roseaux"
560241,"Paruline équatoriale"
560242,"Paruline à couronne jaune"
560243,"Paruline de Nelson"
560244,"Paruline des Bahamas"
560245,"Paruline des bambous"
560246,"Paruline à face noire"
560358,"Harpie féroce"
560626,"Jacana noir"
560778,"Paruline pied-blanc"
561116,"Paruline aux yeux rouges"
561324,"Paruline ceinturée"
562561,"Pétrel des Hawaï"
563359,"Paruline de Fernandina"
563360,"Paruline d'Oriente"
563713,"Paruline quatre-yeux"
563770,"Paruline de Zeledon"
563956,nématodes
563956,"vers ronds"
564004,laimargues
564006,narcinidés
564010,raies-papillons
564130,raie-hérisson
564139,"grande raie"
564145,"raie tachetée"
564149,"raie épineuse"
564151,"raie à queue de velours"
564529,iguanes
565333,"herbe sans couture"
610624,ascomycètes
610669,megaspilides
612598,"baleine à bec de Travers"
615814,"anchois bombra"
615903,opahs
615935,"plies à grands yeux"
620919,"salicoque voilée"
621022,requins-carpettes
621052,"requin-chabot birman"
621055,"requin-chabot indonésien"
621079,"requin-nourrice à queue courte"
622243,"lamproie de ruisseau de l'Extrême-Orient"
622248,"lamproie de rivière de l'ouest"
622249,"lamproie de ruisseau de Lombardie"
622284,"lamproie de ruisseau grecque"
622287,"lamproie arctique"
622288,"lamproie de Sibérie"
622313,"poissons étoilés"
622718,phycidés
622719,steindachnériidés
623188,"pêcheur à trèfle"
623384,"cisco de lac"
630579,"poissons d'argent"
630979,"loquette d'Amérique"
630982,"lycode d'Esmark"
631020,"lompénie élancée"
631023,lompénie-serpent
631028,"unernak caméléon"
635676,"morénésoce indien"
635677,"morénésoce jaune"
636199,"morénésoce comun"
639989,"mâchoiron imberbe"
639992,"mâchoiron titan"
640068,"meunier noir"
641834,polyprions
641835,symphysanodontidés
643434,malarmats
644666,limberts
644687,"lussion blanc"
644814,"anoli aile longue"
644842,"bécasses de mer"
645305,poissons-balayeurs
649694,requins-lanternes
650171,"doré noir"
650173,"doré jaune"
660046,"algues rouges"
660055,"algues brunes"
660059,"Grand Labbe"
660062,"Labbe de McCormick"
668596,"Caracara à gorge rouge"
680685,"mâchoiron fouet"
680698,"mâchoiron tacheté"
680707,"mâchoiron veiné"
680750,"mâchoiron goujon"
680757,"mâchoiron sagor"
680770,"mâchoiron émeri"
680771,"mâchoiron pointes noires"
682304,"mâchoiron émeri"
682307,"mâchoiron pointes noires"
682317,"mâchoiron sagor"
682318,"mâchoiron goujon"
682320,"mâchoiron titan"
686658,"petit-duc maculé"
686683,"harfang des neiges"
690536,"baudroie marache"
696991,"ptine luisant"
696992,"ptine globuleux"
696997,"niptus doré"
697005,"ptine ocellé"
697007,"ptine brun"
697010,"ptine oriental"
697011,"ptine velu"
720210,"galéruque de l'airelle"
723253,"Puffin du Cap-Vert"
726047,"Fou de Grant"
726048,"Bécassine de Wilson"
726049,"Chevalier grivelé"
726050,"Héron strié"
726051,"Guifette moustac"
726052,"Buse plombée"
726053,"Buse semiplombée"
726195,"Paruline vermivore"
726205,"Paruline couronnée"
768116,espadons
768116,voiliers
772430,"Holbiche noire"
780700,"arnica à aigrettes brunes"
811033,"Sagittaire graminoide"
823960,cormorans
823961,éperviers
824029,"Buse de Gundlach"
824030,"Pluvier neigeux"
824035,"Mouette à tête grise"
824040,"Mouette de Bonaparte"
824041,"Mouette rieuse"
824061,"Milan à long bec"
824065,"Mouette pygmée"
824076,"Goéland leucophée"
824079,"Mouette atricille"
824081,"Goéland gris"
824082,"Mouette de Franklin"
824103,"Sterne des Aléoutiennes"
824104,"Sterne bridée"
824105,"Sterne fuligineuse"
824106,"Sterne à dos gris"
824125,"Aigle noir et blanc"
824126,"Sterne naine"
824127,"Petite Sterne"
824132,"Sterne argentée"
824140,"Sterne huppée"
824142,"Sterne royale"
824147,"Chevalier semipalmé"
846105,"aiguillat à grosse tête"
846504,phanérogames
846505,"plantes à fleurs"
846505,angiospermes
846505,"plantes à fruits"
846506,gymnospermes
846542,monocotylédones
895390,"Bois cendre"
897356,"troscart des marais"
897357,"troscart de la Gaspésie"
913993,"ventre rouge du nord"
913995,"ventre citron"
914046,"naseux des rapides"
914055,"lamproie de ruisseau d'Alaska"
914057,"lamproie de ruisseau de la Transcaucasie occidentale"
914058,"lamproie de la rivière Klamath"
914059,"lamproie de l'île de Vancouver"
914060,"lamproie de ruisseau du bassin Pit-Klamath"
914061,"lamproie de l'est"
914061,"lamproie de ruisseau américaine"
914063,"lamproie du lac Miller"
914064,"lamproie de ruisseau de Californie septentrionale"
914068,"lamproie de ruisseau de Californie"
915676,gobe-mouches
915969,"troglodyte mignon"
916537,"Yellow-bellied Flyrobin"
916629,"choucas des tours"
936897,"crapet du nord"
937596,"acronycte du bouleau"
937741,"ver-gris du trèfle"
938392,"légionnaire des épis de blé"
939565,"légionnaire uniponctuée"
940379,"noctuelle du chèvrefeuille"
942390,"arpenteuse verte du mélèze"
942783,"arpenteuse grise du tremble"
942791,"arpenteuse (petite) de l'érable"
942793,"arpenteuse du groseillier"
947265,"Emballonure de Madagascar"
947345,"Macroglosse de Woermann de l'Ouest"
947360,"Casinyctère de Campo-Ma'an"
947363,"Minioptère du Maghreb"
948895,"pipistrelle de l'est"
948936,tortues
950009,"Paruline hochequeue"
950010,"Paruline des ruisseaux"
950011,"Paruline à ailes bleues"
950012,"Paruline à croissant"
950013,"Paruline embrasée"
950023,"Paruline des buissons"
950024,"Paruline triste"
950025,"Paruline du Kentucky"
950026,"Paruline caféiette"
950027,"Paruline d'Angela"
950028,"Paruline de la Jamaïque"
950029,"Paruline à capuchon"
950030,"Paruline de Kirtland"
950031,"Paruline tigrée"
950032,"Paruline azurée"
950033,"Paruline à collier"
950034,"Paruline à joues noires"
950035,"Paruline à tête cendrée"
950036,"Paruline à poitrine baie"
950037,"Paruline à gorge orangée"
950039,"Paruline jaune"
950040,"Paruline à flancs marron"
950041,"Paruline rayée"
950042,"Paruline bleue"
950043,"Paruline à couronne rousse"
950044,"Paruline à calotte verte"
950045,"Paruline des pins"
950046,"Paruline à croupion jaune"
950049,"Paruline à gorge jaune"
950050,"Paruline de Todd"
950051,"Paruline des Caïmans"
950052,"Paruline des prés"
950053,"Paruline d'Adélaïde"
950054,"Paruline de Barbuda"
950055,"Paruline de Sainte-Lucie"
950056,"Paruline de Grace"
950057,"Paruline grise"
950058,"Paruline de Townsend"
950059,"Paruline à tête jaune"
950060,"Paruline à dos noir"
950061,"Paruline à gorge noire"
950068,"Paruline à croupion fauve"
950078,"Paruline des rochers"
950079,"Paruline du Canada"
950080,"Paruline à calotte noire"
950081,"Paruline rouge"
950082,"Paruline à tête rose"
950097,"Paruline obscure"
950099,"Paruline verdâtre"
950101,"Paruline de Colima"
950104,"Paruline de Lucy"
950106,"Paruline à joues grises"
950108,"Paruline de Virginia"